start_station_name,total_rides
Unknown,934674
Kingsbury St & Kinzie St,39245
Streeter Dr & Grand Ave,34761
Clinton St & Washington Blvd,33389
Clark St & Elm St,33079
Clinton St & Madison St,31396
Wells St & Concord Ln,30202
Wells St & Elm St,29587
DuSable Lake Shore Dr & North Blvd,27219
State St & Chicago Ave,25510
Clinton St & Jackson Blvd,24967
Canal St & Madison St,24328
University Ave & 57th St,23823
Dearborn St & Erie St,23821
Wells St & Huron St,23586
Desplaines St & Kinzie St,23125
DuSable Lake Shore Dr & Monroe St,22830
Michigan Ave & Oak St,22705
Wells St & Hubbard St,22673
Wilton Ave & Belmont Ave,22298
Larrabee St & Kingsbury St,22293
Wabash Ave & Grand Ave,21697
Clark St & Armitage Ave,21318
Ellis Ave & 60th St,21221
Clark St & Lincoln Ave,21176
Broadway & Barry Ave,21156
Dearborn Pkwy & Delaware Pl,21031
Canal St & Adams St,20860
Kingsbury St & Erie St,20568
LaSalle St & Illinois St,20502
Halsted St & Fulton St,20042
Indiana Ave & Roosevelt Rd,19988
Clinton St & Lake St,19878
Sheffield Ave & Fullerton Ave,19794
Orleans St & Merchandise Mart Plaza,19626
Ashland Ave & Division St,19458
Daley Center Plaza,19426
Wabash Ave & Roosevelt Rd,19356
Michigan Ave & Washington St,19130
Millennium Park,19088
Ellis Ave & 55th St,18897
Halsted St & Clybourn Ave,18808
Morgan St & Polk St,18743
Theater on the Lake,18743
Green St & Madison St,18726
Clark St & Wrightwood Ave,18417
Ravenswood Ave & Lawrence Ave,18122
Michigan Ave & Lake St,18098
Broadway & Waveland Ave,18061
Loomis St & Lexington St,17858
Dearborn St & Monroe St,17833
Columbus Dr & Randolph St,17752
Lincoln Ave & Fullerton Ave,17658
New St & Illinois St,17526
Broadway & Cornelia Ave,17523
Clark St & Lake St,17350
McClurg Ct & Ohio St,17200
Damen Ave & Pierce Ave,17012
Wells St & Evergreen Ave,16711
Peoria St & Jackson Blvd,16622
Clark St & Schiller St,16546
Larrabee St & Webster Ave,16254
Halsted St & Polk St,16225
Federal St & Polk St,16205
Clark St & Drummond Pl,15972
Clark St & Newport St,15892
Southport Ave & Waveland Ave,15845
LaSalle St & Jackson Blvd,15668
Aberdeen St & Jackson Blvd,15666
Halsted St & Roscoe St,15424
DuSable Lake Shore Dr & Diversey Pkwy,15404
Sedgwick St & Huron St,15397
Franklin St & Jackson Blvd,15383
State St & 33rd St,15268
Shedd Aquarium,15255
Halsted St & Wrightwood Ave,15160
St. Clair St & Erie St,15147
Franklin St & Lake St,15052
Fairbanks Ct & Grand Ave,14828
Pine Grove Ave & Waveland Ave,14811
Sheffield Ave & Waveland Ave,14723
Milwaukee Ave & Grand Ave,14708
Southport Ave & Roscoe St,14633
Lakeview Ave & Fullerton Pkwy,14490
Kimbark Ave & 53rd St,14452
Sheridan Rd & Irving Park Rd,14401
Rush St & Cedar St,14286
State St & Randolph St,14215
Sheffield Ave & Wrightwood Ave,14184
Michigan Ave & 8th St,14183
Franklin St & Illinois St,14076
Dusable Harbor,14073
MLK Jr Dr & 29th St,13696
Sheffield Ave & Webster Ave,13599
Sheffield Ave & Wellington Ave,13514
McClurg Ct & Erie St,13448
Clark St & Winnemac Ave,13246
Rush St & Superior St,13208
DuSable Lake Shore Dr & Belmont Ave,13189
Sedgwick St & North Ave,12962
Broadway & Sheridan Rd,12933
State St & Kinzie St,12852
Pine Grove Ave & Irving Park Rd,12852
Desplaines St & Jackson Blvd,12836
Sheffield Ave & Kingsbury St,12728
Franklin St & Monroe St,12698
Sheridan Rd & Montrose Ave,12698
Bissell St & Armitage Ave*,12633
Clark St & Wellington Ave,12589
Halsted St & Dickens Ave,12562
900 W Harrison St,12529
Clarendon Ave & Gordon Ter,12526
Ogden Ave & Chicago Ave,12520
Calumet Ave & 33rd St,12458
Sedgwick St & Webster Ave,12404
Broadway & Belmont Ave,12356
Wabash Ave & 9th St,12342
DuSable Lake Shore Dr & Wellington Ave,12164
Racine Ave & Fullerton Ave,11897
Cityfront Plaza Dr & Pioneer Ct,11829
Mies van der Rohe Way & Chestnut St,11789
Wells St & Walton St,11727
Stockton Dr & Wrightwood Ave,11712
Franklin St & Chicago Ave,11604
Dayton St & North Ave,11577
Mies van der Rohe Way & Chicago Ave,11561
Clark St & Chicago Ave,11544
Morgan St & Lake St*,11466
Canal St & Jackson Blvd,11350
Michigan Ave & 14th St,11302
Wood St & Milwaukee Ave,11298
Aberdeen St & Randolph St,11229
Clark St & Grace St,11099
Southport Ave & Wellington Ave,11095
Wilton Ave & Diversey Pkwy,11091
Montrose Harbor,11033
Honore St & Division St,11016
Elizabeth St & Randolph St,11010
Canal St & Monroe St,10871
Broadway & Wilson Ave,10842
Wells St & Polk St,10817
May St & Taylor St,10806
Wabash Ave & Wacker Pl,10795
California Ave & Milwaukee Ave,10774
Milwaukee Ave & Wabansia Ave,10763
Burling St & Diversey Pkwy,10606
Clifton Ave & Armitage Ave,10450
Racine Ave & Belmont Ave,10388
Lincoln Ave & Diversey Pkwy,10336
LaSalle Dr & Huron St,10311
Field Blvd & South Water St,10311
Halsted St & Maxwell St,10283
Ritchie Ct & Banks St,10258
Larrabee St & Division St,10200
Damen Ave & Cortland St,10190
Elston Ave & Cortland St,10184
Sangamon St & Lake St,10107
Franklin St & Adams St (Temp),10095
Wells St & Randolph St,10083
Wabash Ave & Adams St,10052
Stetson Ave & South Water St,10033
Clark St & Berwyn Ave,9970
Southport Ave & Belmont Ave,9902
Southport Ave & Wrightwood Ave,9892
Carpenter St & Huron St,9826
Clarendon Ave & Junior Ter,9781
Woodlawn Ave & 55th St,9771
Adler Planetarium,9751
Rush St & Hubbard St,9678
Wacker Dr & Washington St,9636
Halsted St & Willow St,9614
Clark St & North Ave,9568
Michigan Ave & Jackson Blvd,9521
Damen Ave & Chicago Ave,9511
Aberdeen St & Monroe St,9455
Financial Pl & Ida B Wells Dr,9400
Sheridan Rd & Buena Ave,9331
Lincoln Ave & Melrose St,9287
Blackstone Ave & 59th St,9241
Ogden Ave & Race Ave,9050
Dearborn St & Adams St,8952
Clark St & Leland Ave,8930
Buckingham Fountain,8857
Orleans St & Hubbard St,8756
Larrabee St & Oak St,8741
Michigan Ave & Madison St,8704
Lincoln Park Conservatory,8655
Jefferson St & Monroe St,8651
Kedzie Ave & Milwaukee Ave,8584
Wolcott Ave & Polk St,8525
Lake Park Ave & 56th St,8499
Michigan Ave & 18th St,8479
Sheffield Ave & Willow St,8434
Paulina St & Flournoy St,8370
Desplaines St & Randolph St,8332
Shore Dr & 55th St,8320
Ellis Ave & 58th St,8318
Western Ave & Winnebago Ave,8280
Green St & Randolph St*,8251
Orleans St & Chestnut St (NEXT Apts),8157
Damen Ave & Division St,8145
Greenview Ave & Fullerton Ave,7973
State St & Pearson St,7877
Woodlawn Ave & 58th St,7857
Sangamon St & Washington Blvd,7756
Michigan Ave & Pearson St,7725
LaSalle St & Washington St,7721
Wabash Ave & 16th St,7691
Eckhart Park,7671
Southport Ave & Irving Park Rd,7664
Halsted St & Roosevelt Rd,7637
Ada St & Washington Blvd,7576
Clark St & Ida B Wells Dr,7543
Lincoln Ave & Roscoe St*,7511
State St & Van Buren St,7480
Rhodes Ave & 32nd St,7426
Noble St & Milwaukee Ave,7409
Green St & Washington Blvd,7363
Throop St & Taylor St,7359
Larrabee St & Armitage Ave,7300
Wood St & Chicago Ave,7247
Racine Ave & Congress Pkwy,7193
State St & Harrison St,7185
Damen Ave & Thomas St (Augusta Blvd),7178
Field Museum,7082
Lakefront Trail & Bryn Mawr Ave,7065
Wells St & Institute Pl,7038
Calumet Ave & 18th St,7016
Racine Ave & Wrightwood Ave,7001
Elizabeth St & Fulton St,6991
Clark St & Montrose Ave,6950
Ashland Ave & Blackhawk St,6910
Clark St & Bryn Mawr Ave,6904
Paulina Ave & North Ave,6728
Cornell Ave & Hyde Park Blvd,6558
Larrabee St & North Ave,6555
Clinton St & Tilden St,6548
Broadway & Argyle St,6535
Broadway & Berwyn Ave,6464
Ashland Ave & Grace St,6432
Ashland Ave & Wellington Ave,6412
Clinton St & Roosevelt Rd,6371
Western Ave & Leland Ave,6358
Southport Ave & Clybourn Ave,6353
Ashland Ave & Chicago Ave,6346
Ashland Ave & Augusta Blvd,6312
Fairbanks St & Superior St,6234
Delano Ct & Roosevelt Rd,6222
Racine Ave & 18th St,6143
N Green St & W Lake St,6052
Wood St & Augusta Blvd,6051
Damen Ave & Leland Ave,6008
Hermitage Ave & Polk St,5962
Orleans St & Elm St,5948
University Ave & 59th St,5912
Walsh Park,5907
Sheridan Rd & Lawrence Ave,5871
Leavitt St & Armitage Ave,5809
Sheridan Rd & Argyle St,5793
Loomis St & Jackson Blvd,5751
Winthrop Ave & Lawrence Ave,5710
Canal St & Taylor St,5707
Greenview Ave & Diversey Pkwy,5653
Western Ave & Walton St,5588
Wood St & Taylor St (Temp),5584
Ellis Ave & 53rd St,5583
Ravenswood Ave & Irving Park Rd,5575
Lake Park Ave & 53rd St,5527
Clarendon Ave & Leland Ave,5515
Campbell Ave & North Ave,5472
McCormick Place,5444
Clark St & 9th St (AMLI),5425
Burnham Harbor,5398
Michigan Ave & Ida B Wells Dr,5377
Damen Ave & Charleston St,5369
Broadway & Thorndale Ave,5324
Clybourn Ave & Division St,5290
Morgan St & 18th St,5286
Racine Ave & Washington Blvd,5276
Wolcott (Ravenswood) Ave & Montrose Ave,5260
Paulina St & Montrose Ave,5235
Wilton Ave & Diversey Pkwy*,5234
Ashland Ave & Wrightwood Ave,5220
Lincoln Ave & Sunnyside Ave,5148
Larrabee St & Menomonee St,5114
Damen Ave & Grand Ave,5102
Seeley Ave & Roscoe St,5072
Ashland Ave & Lake St,5051
Dearborn St & Van Buren St,5037
Sheridan Rd & Noyes St (NU),5024
Broadway & Granville Ave,4986
Ashland Ave & Grand Ave,4984
State St & 35th St,4977
California Ave & Cortez St,4865
Emerald Ave & 31st St,4831
Western Ave & Division St,4820
Marine Dr & Ainslie St,4780
Blue Island Ave & 18th St,4764
Artesian Ave & Hubbard St,4729
Leavitt St & North Ave,4703
Spaulding Ave & Armitage Ave,4699
Benson Ave & Church St,4641
LaSalle St & Adams St,4640
Blackstone Ave & Hyde Park Blvd,4589
Shields Ave & 31st St,4562
Leavitt St & Chicago Ave,4555
Logan Blvd & Elston Ave,4547
Albany Ave & Bloomingdale Ave,4514
Streeter Dr/Grand Ave,4513
Lincoln Ave & Belle Plaine Ave,4501
Damen Ave & Wellington Ave,4457
Sedgwick St & Schiller St,4447
Stave St & Armitage Ave,4385
Damen Ave & Clybourn Ave,4252
Drexel Ave & 60th St,4235
Broadway & Ridge Ave,4225
Humboldt Blvd & Armitage Ave,4220
California Ave & Francis Pl,4157
Morgan Ave & 14th Pl,4146
Lincoln Ave & Byron St,4140
Wood St & Hubbard St,4119
Wentworth Ave & Cermak Rd*,4100
Chicago Ave & Sheridan Rd,4095
Leavitt St & Division St,4036
Ravenswood Ave & Berteau Ave,3957
Kedzie Ave & Palmer Ct,3955
Leavitt St & Belmont Ave,3933
Paulina St & 18th St,3931
Lincoln Ave & Waveland Ave,3872
Western Ave & Fillmore St,3858
Halsted St & 18th St,3854
Clark St & Lunt Ave,3837
Indiana Ave & 31st St,3803
Lakefront Trail & Wilson Ave,3708
Damen Ave & Wabansia Ave,3630
Cannon Dr & Fullerton Ave,3626
Damen Ave & Melrose Ave,3618
Morgan St & 31st St,3556
California Ave & North Ave,3554
Damen Ave & Foster Ave,3538
Sheridan Rd & Loyola Ave,3534
Calumet Ave & 21st St,3449
Racine Ave & Randolph St,3426
Ogden Ave & Congress Pkwy,3426
Glenwood Ave & Morse Ave,3425
Indiana Ave & 26th St,3387
Damen Ave & Sunnyside Ave,3378
Lincoln Ave & Addison St,3377
Wentworth Ave & Cermak Rd,3370
Leavitt St & Lawrence Ave,3363
W Armitage Ave & N Sheffield Ave,3363
Milwaukee Ave & Rockwell St,3316
Milwaukee Ave & Fullerton Ave,3306
California Ave & Altgeld St,3270
Southport Ave & Clark St,3265
Canal St & Harrison St,3193
Elston Ave & Wabansia Ave,3159
Wabash Ave & Cermak Rd,3076
California Ave & Division St,3059
Clark St & Elmdale Ave,3058
Campbell Ave & Montrose Ave,3020
Ashland Ave & 13th St,3004
Halsted St & Archer Ave,2976
Campbell Ave & Augusta Blvd,2961
Ashland Ave & Belle Plaine Ave,2888
Wentworth Ave & 33rd St,2887
Racine Ave & 15th St,2883
Clinton St & 18th St,2871
Greenview Ave & Jarvis Ave,2816
Winchester Ave & Elston Ave,2775
Rockwell St & Eastwood Ave,2759
Shields Ave & 28th Pl,2749
Kimball Ave & Belmont Ave,2688
Sheridan Rd & Columbia Ave,2687
Claremont Ave & Hirsch St,2683
St. Louis Ave & Fullerton Ave,2683
Wood St & Webster Ave,2647
Talman Ave & Addison St,2641
Western Ave & Congress Pkwy,2584
Harper Ave & 59th St,2565
Western Ave & Roscoe St,2565
Damen Ave & Madison St,2560
N Carpenter St & W Lake St,2554
May St & Cullerton St,2549
Calumet Ave & 35th St,2539
Avondale Ave & Irving Park Rd,2539
California Ave & Montrose Ave,2537
Fort Dearborn Dr & 31st St*,2531
Campbell Ave & Fullerton Ave,2412
State St & 19th St,2395
Laflin St & Cullerton St,2395
Clark St & Schreiber Ave,2380
Clark St & Columbia Ave,2363
Leavitt St/North Ave,2355
Damen Ave & Cullerton St,2340
Halsted St & 21st St,2311
Leavitt St & Addison St,2311
Hoyne Ave & Balmoral Ave,2287
Halsted St & 35th St,2252
Central Park Ave & Elbridge Ave,2239
Richmond St & Diversey Ave,2235
Hampden Ct & Diversey Ave,2232
Wentworth Ave & 35th St,2222
Glenwood Ave & Touhy Ave,2200
Emerald Ave & 28th St,2188
Lake Park Ave & 35th St,2166
Griffin Museum of Science and Industry,2164
Washtenaw Ave & Lawrence Ave,2160
Oakley Ave & Irving Park Rd,2131
California Ave & Fletcher St,2131
Greenwood Ave & 47th St,2109
W Washington Blvd & N Peoria St,2103
Chicago Ave & Washington St,2085
Kedzie Ave & Leland Ave,2077
California Ave & Byron St,2074
Monticello Ave & Irving Park Rd,2018
Troy St & Elston Ave,1987
Halsted St & North Branch St,1977
Cherry Ave & Blackhawk St,1941
Wallace St & 35th St,1931
Paulina St & Howard St,1927
Sheridan Rd & Greenleaf Ave,1888
Avers Ave & Belmont Ave,1886
University Library (NU),1865
Smith Park,1859
Damen Ave & Lake St,1828
Fort Dearborn Dr & 31st St,1820
Albany Ave & Montrose Ave,1795
Kosciuszko Park,1794
N Paulina St & Lincoln Ave,1762
Drake Ave & Addison St,1756
Malcolm X College,1738
Ogden Ave & Roosevelt Rd,1733
Francisco Ave & Foster Ave,1704
Spaulding Ave & Division St,1693
Lincoln Ave & Winona St,1692
Troy St & North Ave,1674
N Southport Ave & W Newport Ave,1667
W Oakdale Ave & N Broadway,1652
Rockwell St & Fletcher St,1635
Winchester (Ravenswood) Ave & Balmoral Ave,1600
Wentworth Ave & 24th St,1528
Western Ave & Monroe St,1500
Christiana Ave & Lawrence Ave,1490
Wells St & 19th St,1458
Western Ave & 21st St,1453
Manor Ave & Leland Ave,1400
Western Ave & Lunt Ave,1391
Lake Park Ave & 47th St,1379
Loomis St & Archer Ave,1360
Woodlawn Ave & Lake Park Ave,1359
Damen Ave & Walnut (Lake) St,1358
N Damen Ave & W Chicago Ave,1348
Elston Ave & George St,1334
Evanston Civic Center,1322
Francisco Ave & Chicago Ave,1276
Racine Ave & 35th St,1267
Racine Ave & 13th St,1225
Normal Ave & Archer Ave,1211
Central Park Ave & Bloomingdale Ave,1210
Eastlake Ter & Howard St,1186
Prairie Ave & Garfield Blvd,1164
Clark St & Jarvis Ave,1151
Bernard St & Elston Ave,1142
Sawyer Ave & Irving Park Rd,1125
Ashland Ave & Archer Ave,1118
MLK Jr Dr & Pershing Rd,1112
Western Ave & Berteau Ave,1110
Clinton St & Polk St,1103
Western Ave & Grace St,1101
Western Ave & Howard St,1089
Drake Ave & Montrose Ave,1066
Francisco Ave & Bloomingdale Ave,1057
Cottage Grove Ave & 63rd St,1040
Keystone Ave & Montrose Ave,1010
Central St Metra,998
Knox Ave & Montrose Ave,989
Ping Tom Park (East),983
Kedzie Ave & George St,972
Dorchester Ave & 63rd St,960
Troy St & Grace St,954
Dorchester Ave & 49th St,932
Monticello Ave & Lawrence Ave,909
Warren Park West,907
Leavitt St & Archer Ave,906
Cottage Grove Ave & 47th St,884
Cottage Grove Ave & 51st St,882
Clark St & Touhy Ave,868
Keystone Ave & Fullerton Ave,857
Western Ave & Gunnison St,850
N Shore Channel Trail & Argyle St,843
Western Ave & Granville Ave,832
Clark St & Randolph St,826
Dodge Ave & Church St,819
Kedzie Ave & 48th Pl,815
Sacramento Blvd & Addison St,810
Ridge Blvd & Howard St,798
Francisco Ave & Montrose Ave,794
California Ave & Granville Ave,792
Kedzie Ave & Foster Ave,790
Ridge Blvd & Touhy Ave,780
Valli Produce - Evanston Plaza,780
McCormick Blvd & Devon Ave,778
Central St & Girard Ave,768
Pulaski Rd & 51st St,750
St. Louis Ave & Balmoral Ave,740
California Ave & Lake St,728
Public Rack - Washtenaw Ave & Superior St,717
N Sheffield Ave & W Wellington Ave,715
State St & 29th St,702
63rd St Beach,699
Whipple/Irving Park,685
Kildare Ave & Montrose Ave,676
Cottage Grove Ave & 43rd St,671
Warren Park East,670
Elston Ave & Henderson St,664
Elmwood Ave & Austin St,663
Milwaukee Ave & Cuyler Ave,650
South Shore Dr & 71st St,648
Western Ave & 24th St,646
Kilbourn Ave & Irving Park Rd,645
Kedzie Ave & Bryn Mawr Ave,641
N Clark St & W Elm St,638
Kedzie Ave & Lake St,636
Damen Ave/Coulter St,634
Lincoln Ave & Peterson Ave,629
Oakley Ave & Touhy Ave,624
Wood St & 35th St,621
Albany Ave & Belmont Ave,621
California Ave & Winona St,616
Central Park Ave & North Ave,613
2112 W Peterson Ave,612
Museum of Science and Industry,606
Bosworth Ave & Howard St,602
Calumet Ave & 51st St,601
MLK Jr Dr & 47th St,584
Maplewood Ave & Peterson Ave,567
South Shore Dr & 67th St,558
Prairie Ave & 43rd St,552
Central Park Ave & Ogden Ave,552
Western Ave & Lake St,547
Public Rack - Christiana Ave & Belmont Ave,543
Kostner Ave & Wrightwood Ave,536
Rockwell St & Cermak Rd,532
Public Rack - Woodlawn Ave & 63rd St N,521
Campbell Ave & Irving Park Rd,518
Sacramento Blvd & Franklin Blvd,514
Wrigley Events Parking Area,513
Lincoln Ave & Balmoral Ave,508
DuSable Museum,500
Kedzie Ave & Chicago Ave,498
Richmond St & Lincoln Ave,482
Halsted St & 37th St,480
Pulaski Rd & Eddy St,480
Karlov Ave & Armitage Ave,480
Milwaukee Ave & Ainslie St,474
California Ave & 21st St,473
Long & Irving Park,469
Western Blvd & 48th Pl,466
Weekend Night Parking Area A,463
Washtenaw Ave & Ogden Ave,458
Public Rack - Hyde Park Blvd & 53rd St,455
Dodge Ave & Main St,433
Budlong Woods Library,431
Cottage Grove Ave & Oakwood Blvd,430
Dodge Ave & Mulford St,423
Lincolnwood Dr & Central St,412
State St & 95th St,406
Kilbourn Ave & Milwaukee Ave,404
Conservatory Dr & Lake St,399
Kedzie Ave & 21st St,398
Princeton Ave & 47th St,396
Wolcott Ave & Fargo Ave,392
Cottage Grove Ave & 67th St,387
Kenosha Ave & Wellington Ave,384
Springfield Ave & North Ave,372
Hoyne Ave & 47th St,367
Kenneth Ave & Lawrence Ave,353
California Ave & 23rd Pl,351
Lockwood Ave & Wrightwood Ave,349
Archer (Damen) Ave & 37th St,348
Weekend Night Parking Area B,338
St Louis Ave & Foster Ave,333
Karlov Ave & Lawrence Ave,329
Kilbourn Ave & Belden Ave,322
Komensky Ave & 31st St,321
Central Ave & Chicago Ave,314
Long Ave & Belmont Ave,313
Stony Island Ave & 63rd St,306
Sacramento Blvd & Fulton Ave,303
Washtenaw Ave & Peterson Ave,303
Jeffery Blvd & 71st St,301
Stony Island Ave & 71st St,299
Public Rack - Rockwell & Division,299
Kilbourn Ave & Diversey Ave,296
Public Rack - California Ave & Cortez St,293
Fairfield Ave & Pratt Blvd,291
Kilbourn Ave & Roscoe St,288
Public Rack - Racine Ave & 109th Pl,287
Jeffery Blvd & 67th St,286
MLK Jr Dr & 56th St,282
Public Rack - Milwaukee Ave & Diversey Ave,280
Public Rack - Hamlin Ave & Montrose Ave,278
Midway Orange Line,276
Kedvale Ave & Peterson Ave,274
Narragansett Ave & Wrightwood Ave,259
Fairfield Ave & Roosevelt Rd,257
Western Ave & Ardmore Ave,256
MLK Jr Dr & 63rd St,251
Chicago State University,251
Central Park Ave & Ardmore Ave,247
Princeton Ave & Garfield Blvd,246
Eberhart Ave & 61st St,244
Shields Ave & 43rd St,240
Washtenaw Ave & Polk St,240
Grace St & Cicero Ave,239
Public Rack - Spaulding Ave & Evergreen Ave,239
Kedzie Ave & 57th St,238
Indiana Ave & 40th St,238
Public Rack - Kedzie Ave & Argyle St,238
North Boundary Park,236
Cicero Ave & Wrightwood Ave,236
MTV Hubbard St,235
Austin Blvd & Lake St,235
Halsted St & 47th Pl,234
May St & 69th St,231
Millard Ave & 26th St,231
State St & 79th St,227
Lavergne Ave & Fullerton Ave,227
Central Ave & Altgeld St,224
South Shore Dr & 74th St,223
Stony Island Ave & 67th St,223
Virginia Ave & Catalpa Ave,221
Perry Ave & 69th St,210
Union Ave & Root St,208
Walden Pkwy & 100th St,206
State St & 54th St,204
Keeler Ave & Carmen Ave,203
Wentworth Ave & 63rd St,203
Public Rack - Langley Ave & 49th St,202
Public Rack - Harold Washington Park,200
Public Rack - Monticello Ave & Belmont Ave,200
Stony Island Ave & 75th St,199
California Ave & 26th St,198
Hamlin Ave & Grand Ave,197
Baltimore Ave & 87th St,197
Damen Ave & Pershing Rd,197
Laramie Ave & Irving Park Rd,196
Public Rack - Western Ave & Devon Ave,196
Kostner Ave & Adams St,192
Ashland Ave & 50th St,191
California Ave & Touhy Ave,190
Kostner Ave & Bryn Mawr Ave,190
Washtenaw Ave & Madison St,189
Public Rack - Haft Ave & Milwaukee Ave,189
St Louis Ave & 59th St,188
Public Rack - Milwaukee Ave & Higgins Ave,188
California & 16th St,187
Linder Ave & Montrose Ave,185
Central Park & Augusta Blvd,185
Exchange Ave & 79th St,184
Public Rack - Hyde Park Blvd & 55th St,184
Public Rack - Hamlin Ave & Fullerton Ave,184
Harlem Ave & Irving Park Rd,183
Fairfield Ave & 44th St,181
Hoyne Ave & 34th St,180
Rockwell St & Archer Ave\t,180
Ashland Ave & Pershing Rd,175
Public Rack - Washtenaw Ave & Devon Ave,173
Eggleston Ave & 69th St,171
University Ave & 65th St,171
Public Rack - Hollywood Park,171
Springfield Ave & 47th St,170
Public Rack - Cumberland & Catherine,170
Rainbow - Beach,169
Cicero Ave & Roscoe Ave,169
Leclaire Ave & Belmont Ave,169
Milwaukee Ave & Agatite Ave,169
Public Rack - Pulaski Rd & 44th St,168
Lamon Ave & Belmont Ave,167
Central Ave & Parker Ave,164
Public Rack - Lafayette Ave & 95th St,164
Halsted St & 96th St,161
Nordica Ave & Medill Ave,160
Public Rack - Milwaukee Ave & Haussen Ct,160
Public Rack - Kedvale Ave & 63rd St W,159
Kilpatrick Ave & Grand Ave,158
Artesian Ave & 55th St,156
Commercial Ave & 83rd St,156
Cicero Ave & Lake St,155
Shabbona Park,154
Kilpatrick Ave & Parker Ave,154
Stony Island Ave & 64th St,153
Lavergne Ave & Lawrence Ave,153
Halsted St & 63rd St,149
Western Ave & 111th St,149
Cottage Grove Ave & 83rd St,149
Central Ave & Lake St,147
Lamon Ave & Armitage Ave,147
Lockwood Ave & Grand Ave,146
Ashland Ave & McDowell Ave,144
Francisco Ave & 47th St,143
Menard Ave & Lawrence Ave,143
Lawndale Ave & 30th St,142
Oak Park & Wellington,141
Sacramento Ave & Pratt Blvd,140
Morgan St & Pershing Rd,139
Narragansett Ave & Montrose Ave,138
Public Rack - Lawndale Ave & Diversey Ave,138
Albany Ave & 26th St,137
Kostner Ave & Belmont Ave,137
Pulaski & Ann Lurie Pl,136
Rockwell St & Archer Ave,136
Loomis Blvd & 84th St,135
Halsted St & 111th St,134
Public Rack - Spaulding Ave & North Ave,134
Public Rack - Kostner Ave & Armitage Ave,134
Loomis St & 89th St,132
Michigan Ave & 71st St,132
Narragansett Ave & School St,132
Austin Blvd & Madison St,131
Central Park Ave & Ohio St,131
Yates Blvd & 75th St,130
Burnham Greenway & 112th St,129
Wabash Ave & 87th St,127
Calumet Ave & 71st St,127
Central Ave & Roscoe St,126
Narragansett & Irving Park,126
Lexington St & California Ave,126
Public Rack - Throop St & 58th St,126
Marshfield Ave & 44th St,124
Merrimac Park,123
Public Rack - Midway Orange Line,123
Laramie Ave & Madison St,120
Marmora Ave & Irving Park Rd,120
Long Ave & Belden Ave,119
Central Ave & Madison St,119
Lowell Ave & Armitage Ave,119
Grace St & Central Ave,118
State St & Pershing Rd,118
Lavergne Ave & Division St,118
Public Rack - Karlov Ave & Kamerling Ave,118
Prospect Sq & 91st St,117
St Louis Ave & Norman Bobbins Pl,117
Halsted St & 51st St,116
Major Ave & Addison St,116
Kildare Ave & North Ave,116
Central Ave & Wellington Ave,116
Public Rack - Milwaukee Ave & Catalpa Ave,115
Sacramento Ave & Lunt Ave,114
Public Rack - Campbell Ave & Pratt Blvd,114
Harding Ave & 26th St,113
Sayre Ave & Diversey Ave,113
Austin Blvd & Chicago Ave,113
Narragansett & Wrightwood,113
Public Rack - Natoma Ave & Bryn Mawr Ave,113
Artesian Ave & Marquette Rd,112
Public Rack - Kostner Ave & Diversey Ave,112
Hale Ave & 107th St,111
Lowell Ave & Armitage,111
21st St & Pulaski Rd,110
Dan Ryan Woods & 83rd St,108
Weekend Night Parking Area D,108
Halsted St & 69th St,107
Western Ave & 104th St,107
Public Rack - Drake Ave & Leland Ave,107
Public Rack - Kinzua Ave & Devon Ave,107
Halsted St & 78th St,105
Komensky Ave & 55th St,105
California Ave & Madison St,105
Cicero Ave & Grace St,104
Kostner Ave & Devon Ave,104
Monticello Ave & Chicago Ave,104
Big Marsh Park,102
Lawler Ave & 50th St,102
Mango Ave & Diversey Ave,102
Meade Ave & Fullerton Ave,102
Ashland Ave & 66th St,98
Bernard St & Peterson Ave,98
Wood St & 33rd St,97
Houston Ave & 92nd St,97
Meade Ave & Addison St,97
Meade Ave & Diversey Ave,97
Ewing Ave & Burnham Greenway,97
Narragansett Ave & McLean Ave,97
Summit Ave & 86th St,96
Laramie Ave & Addison St,96
Sacramento Ave & 25th St,96
Pershing Rd & Sacramento Ave,95
Avenue O & 118th St,94
Woodlawn Ave & 75th St,93
Public Rack - Jensen Park,93
Springfield Ave & 71st St,93
Burnham Greenway & 105th St,93
Public Rack - Milwaukee Ave & Culyer Ave,93
Kedzie Ave & 52nd St,92
Oglesby Ave & 100th St,92
Harding Ave & Chicago Ave,92
Harding Ave & Division St,92
California Ave & Marquette Rd,92
Public Rack - Kimbark Ave & 63rd St,92
Harlem & Irving Park,91
Pulaski Rd & Lake St,90
Karlov Ave & Madison St,90
California Ave & 41st St,90
Mozart St & Jackson Blvd,90
Pulaski Rd & 54th St,89
Rockwell St & 57th St,89
Komensky Ave & 47th St,89
Central Park Ave & 24th St,89
Laramie Ave & Kinzie St,88
Calumet Park,87
Richmond St & 59th St,87
Tripp Ave & 65th St,86
Kildare Ave & 26th St,86
Public Rack - Rockwell Ave & Touhy Ave ,86
Columbus Ave & 79th St,85
Maplewood Ave & 59th St,85
Public Rack - Lowell Ave & Elston Ave,85
Public Rack - Pulaski Rd & Armitage Ave,85
Peterson/Ridge Metra,84
Western Ave & 43rd St,84
Commercial Ave & 130th St,84
Weekend Night Parking Area C,84
Harding Ave & 31st St,83
Kildare Ave & Division St,83
Public Rack - Olmstead Ave & Oliphant Ave,83
Public Rack - Calumet Ave & 51st St,82
Kildare Ave & 47th St,81
Kildare Ave & 55th St,81
Public Rack - Avers & Lawrence,81
St Louis Ave & Norman Bobbins Ave,81
Kostner Ave & 63rd St,80
Kedzie Ave & Harrison St,80
Latrobe Ave & Chicago Ave,80
Kedzie Ave & 54th Pl,79
California Ave & 71st St,79
Harlem Ave & Bloomingdale Ave,79
Wellington Ave & Mulligan Ave,79
Central Park Ave & Washington Blvd,79
Public Rack - Walden Pkwy & 103rd St,79
Lamon Ave & Chicago Ave,78
Kedzie Ave & 24th St,77
Jeffery Blvd & 76th St,77
Public Rack - Harper Ave & 63rd St,77
Vernon Ave & 75th St,76
Greenwood Ave & 79th St,76
Hegewisch Metra Station,76
Public Rack - Milwaukee Ave & Kennedy Expy,76
Indiana Ave & 103rd St,75
Damen Ave & 74th St,74
Lavergne Ave & Diversey Ave,73
Central Park Ave & Douglas Blvd,73
Western Ave & 28th St,72
Phillips Ave & 79th St,72
Lawndale Ave & 111th St,72
Kedzie Ave & Redfield Dr,72
Public Rack - Western Blvd & 49th St,72
Damen Ave & 81st St,71
Pulaski Rd & 68th St,71
Public Rack - Irving Park Rd & Leclaire Ave,71
Campbell Ave & 51st St,70
Mason Ave & Belmont Ave,70
Albany Ave & Douglas Blvd,70
Steelworkers Park,69
Doty Ave & 111th St,69
Kedzie Ave & 66th Pl,69
Pulaski Rd & 60th St,69
Dauphin Ave & 87th St,69
Stewart Ave & 63rd St,69
Kedzie Ave & Roosevelt Rd,69
Cicero Ave & Wellington Ave,69
Public Rack - Evans Ave & 63rd St,69
MLK Jr Dr & 83rd St,68
Albany Ave & 16th St,68
Kenneth Ave & 50th St,68
Martin Luther King Dr & 111th St,68
Vernon Ave & 79th St,67
Central Park Blvd & 5th Ave,67
Hamlin Ave & 62nd Pl,66
Harlem Ave & Grace St,66
Artesian Ave & 71st St,66
Francisco Ave & 85th St,66
Long Ave & Diversey Ave,66
Orange Ave & Addison St,66
Public Rack - Austin Blvd & North Ave,66
Public Rack - Holbrook St & Milwaukee Ave,66
Fullerton & Monitor,65
Halsted St & 56th St,65
Cottage Grove Ave & 111th Pl,65
Public Rack - Kilpatrick & Elston,65
Public Rack - Kimball Ave & Lawrence Ave,65
Public Rack - Wilbur Wright College South,65
Vernon Ave & 107th St,64
Public Rack - Lavergne & Lawrence,64
Public Rack - Prairie Ave & Garfield Blvd S,64
Roscoe & Harlem,63
Evans Ave & 75th St,63
Kedzie Ave & 45th St,63
Knox Ave & Marquette Ave,63
Western Ave & 79th St,62
Constance Ave & 95th St,61
Public Rack - Keystone Ave & Irving Park Rd,61
Ellis Ave & 83rd St,60
Marmora Ave & Belmont Ave,60
Clyde Ave & 87th St,59
Marshfield Ave & 59th St,59
Public Rack - Central Ave & Lawrence Ave,59
Lawler Ave & North Ave,58
Whipple St & Roosevelt Rd,58
Public Rack - California Ave & Devon Ave - NE,58
Damen Ave & 33rd St,56
Halsted St & 73rd St,56
Greenwood Ave & 91st St,56
Kedzie Ave & Jackson Blvd,56
Seeley Ave & Garfield Blvd,56
Cottage Grove Ave & 71st St,56
Public Rack - Sawyer Ave & Lawrence Ave,56
Kedzie Ave & 83rd St,55
Spaulding Ave & 16th St,55
California Ave & 36th St,55
Public Rack - Jeffery Blvd & 67th St,55
Public Rack - Springfield Ave & Lawrence Ave,55
Wabash Ave & 83rd St,54
Stewart Ave & 83rd St,54
Public Rack - Halsted St & 95th St - SE,54
Public Rack - Penn Elementary School / KIPP Ascend Middle School,54
Mason Ave & Grand Ave,53
Troy St & Jackson Blvd,53
Laramie Ave & Gladys Ave,53
Granville Ave & Pulaski Rd,53
Public Rack - Nagel & Higgins,53
Public Rack - Cicero Ave & Belle Plaine Ave,53
Burley Ave & 85th St,52
Eberhart Ave & 91st St,52
Kedzie Ave & Archer Ave,52
Cicero Ave & Flournoy St,52
Public Rack - Prairie Ave & 47th St ,52
Public Rack - Milwaukee Ave & Lawrence Ave,52
Public Rack - Washington Park Ct & 51st St,52
State St & 76th St,51
Kedzie Ave & 60th St,51
Kedzie Ave & 110th St,51
Pulaski Rd & Congress Pkwy,51
Damen Ave & 87th St,50
Archer Ave & Homan Ave,50
Cicero Ave & Quincy St,50
Oketo Ave & Addison St,50
Public Rack - Lawndale Ave & 23rd St,50
Torrence Ave & 126th Pl,49
Augusta Blvd & Laramie Ave,49
Public Rack - Western Ave & 96th St,49
Public Rack - Sacramento Ave & Devon Ave,49
Damen Ave & 59th St,48
Kostner Ave & Lake St,48
Lavergne Ave & 46th St,48
Francisco Ave & Hollywood Ave,48
Public Rack - Avers Ave & Irving Park Rd,48
Homan Ave & 26th St,46
Ashland Ave & 63rd St,46
Central Ave & Harrison St,46
Public Rack - Delphina & Foster,46
La Villita Park,45
Mozart St & 55th St,45
Lawndale Ave & 16th St,45
Public Rack - Hiawatha & Mendota,45
Public Rack - Keating & Peterson,45
Public Rack - Milwaukee Ave & School St,45
Sayre & Diversey,44
Major Taylor Trail & 115th St,44
Public Rack - Western Ave & 47th Pl,44
Public Rack - Pulaski Rd & Fullerton Ave,44
Racine Ave & Garfield Blvd,44
Damen Ave & 51st St,43
Kildare Ave & Chicago Ave,43
Public Rack - 111th St - Morgan Park Metra,43
Archer Ave & 43rd St,42
Mango Ave & North Ave,42
Public Rack - Kenneth & Carmen,42
Public Rack - Norwood Park Station ,42
Public Rack - Forest Glen & Peterson,42
Public Rack - Langley Ave & Oakwood Blvd,42
Nagle Ave & Belmont Ave,42
Avers Ave & 16th St,41
Kedzie Ave & 104th St,41
East End Ave & 87th St,41
Vincennes Ave & 104th St,41
Public Rack - Central Ave & Pensacola Ave,41
Public Rack - Woodlawn Ave & 63rd St S,40
Public Rack - St Louis Ave & Berteau Ave,40
Public Rack - Lavergne Ave & Belle Plaine Ave,40
Public Rack - Jonathan Y Scammon Public School,40
Troy Ave & 27th St,39
Kedzie Ave & 73rd St,39
Kenton Ave & Madison St,39
Public Rack - Melvina & Foster,39
Public Rack - Lockwood & Archer,39
Public Rack - Nagle Ave & Belmont Ave,39
Public Rack - Sawyer Ave & Bryn Mawr Ave - SE,39
Public Rack - Fullerton Ave & Narragansett Ave,39
Pulaski Rd & 21st St,38
Marquette Ave & 89th St,38
Public Rack - Central & Leland,38
Public Rack - Kostner & Peterson,38
Public Rack - Langley Ave & 105th Pl,38
Public Rack - Karlov Ave & Milwaukee Ave,38
Public Rack - N. Oakview and W. Gregory St,38
Kildare & Cermak,37
Homan Ave & 65th St,37
Dauphin Ave & 103rd St,37
Public Rack - Mango & Higgins,37
Public Rack - Komensky Ave & 59th St,37
Public Rack - Austin Ave & Wrightwood Ave,37
Maryland Ave & 104th St,37
Bradley Park,36
Elizabeth St & 47th St,36
Commercial Ave & 100th St,36
Ashland Ave & Garfield Blvd,36
Public Rack - Kimball Ave & Carmen Ave,36
Public Rack - Milwaukee Ave & Addison St,36
Public Rack - Leamington & Elston,36
St. Louis & 71st St,35
Wallace St & Pershing Rd,35
Parkside Ave & Armitage Ave,35
Public Rack - Ashland Ave & 91st St,35
Public Rack - Menard Ave & Belmont Ave,35
Public Rack - California Ave & Devon Ave - NW,35
Scottsdale Park,34
State St & 45th St,34
Homan Ave & Fillmore St,34
W 103rd St & S Avers Ave,34
Public Rack - Pulaski & Rosemont,34
Stony Island Ave & South Chicago Ave,34
Stony Island Ave & 82nd St,34
Halsted St & 59th St,33
Halsted St & 104th St,33
Rockwell St & 63rd St,33
Public Rack - Wolcott Ave & 61st St,33
Public Rack - Milwaukee Ave & Leland Ave,33
Mulligan Ave & Archer Ave,33
Long Ave & North Ave,32
Commercial Ave & 97th St,32
Sacramento Blvd & Polk St,32
Pittsburgh Ave & Irving Park Rd,32
Public Rack - Laramie Ave & Belmont Ave,32
Public Rack - California Ave & Ogden Ave,32
Public Rack - Milwaukee Ave & Pensacola Ave,32
Public Rack - Prairie Ave & Garfield Blvd N,32
Laramie Ave & Bloomingdale Ave,32
Michigan Ave & 105th St,32
Tripp Ave & 31st St,31
Columbus Ave & 83rd Pl,31
Kilbourn Ave & 49th St,31
Springfield Ave & 80th St,31
Public Rack - Parkside & Archer,31
Public Rack - Forest Glen Station ,31
Public Rack - Western Ave & 100th St,31
Public Rack - Lotus Ave & Lawrence Ave,31
Public Rack - 63rd Pl & Narraganssett Ave,31
Public Rack - Laramine Ave & Winnemac Ave,31
Pulaski Rd & 84th St,30
Paulina Ave & 87th St,30
Phillips Ave & 83rd St,30
Greenwood Ave & 97th St,30
California Ave & 29th St,30
Monitor Ave & Division St,30
Pulaski Rd & Ann Lurie Pl,30
Cottage Grove Ave & 78th St,30
North Ave & New England Ave,30
Hamilton Park,29
Ashland Ave & 74th St,29
Mason Ave & Montrose Ave,29
Public Rack - Nordica & Archer,29
Public Rack - Cicero Ave & Wrightwood Ave,29
Public Rack - California Ave & Touhy Ave - NW,29
Public Rack - Menard Ave & Dakin St - midblock,29
Wabash Ave & 49th St,29
Grace & Cicero,28
Racine Ave & 61st St,28
Pine Ave & Division St,28
Homewood Ave & 115th St,28
Public Rack - Peterson Park,28
Public Rack - Kimball & Ardmore,28
Public Rack - Kedzie Ave & Chicago Ave,28
Public Rack - Nashotah & Northwest Hwy,28
Public Rack - Avondale Ave & Addison St,28
Public Rack - Peterson Ave & Milwaukee Ave,28
Orange & Addison,28
Public Rack - King Dr & 115th St,28
Avenue O & 134th St,27
Kildare Ave & Archer Ave,27
Public Rack - Racine Ave & 74th St,27
Public Rack - Kenton Ave & Palmer St,27
Public Rack - Cottage Grove & 86th St,27
Public Rack - Western Ave & Jarvis Ave,27
Leamington Ave & Hirsch St,27
Ewing Ave & 106th St,26
Spaulding Ave & 63rd,26
Michigan Ave & 114th St,26
Public Rack - Pulaski Rd & 65th St,26
Public Rack - Western Ave & 92nd Pl,26
Public Rack - 56th St & Mulligan Ave,26
Public Rack - Laramie Ave & Grand Ave,26
Racine Ave & 57th St,26
Ashland Ave & 78th St,26
Mayfield Ave & Roosevelt Rd,26
Avenue L & 114th St,25
Rhodes Ave & 71st St,25
Wabash Ave & 59th St,25
Vincennes Ave & 75th St,25
Public Rack - Lynch & Elston,25
Public Rack - Newcastle & Archer,25
Public Rack - Elizabeth St & 115th St,25
Public Rack - Greenwood Ave & Lake Park Ave,25
Major Ave & Bloomingdale Ave,25
Princeton Ave & 95th St,24
Public Rack - Damen Ave & 47th St,24
Public Rack - Spaulding Ave & Bryn Mawr Ave,24
Narragansett & McLean,24
Public Rack - Champlain Ave & 65th St,24
Rockwell St & 47th St,23
Elizabeth St & 92nd St,23
South Chicago Ave & 83rd St,23
Public Rack - Mobile Ave & Archer Ave,23
Public Rack - Bryn Mawr Ave & Spaulding Ave,23
Public Rack - Martin Luther King Dr & 44th St,23
Archer Ave & 49th St,23
St Louis Ave & 51st St,23
Olive Harvey College,22
Yates Blvd & 93rd St,22
Oconto Ave & Belmont Ave,22
Public Rack - Ewing Ave & 101st St,22
Public Rack - Christiana Ave & Lawrence Ave,22
Public Rack - Melvina Ave & Montrose Ave,22
Woodlawn & 103rd,21
Tripp Ave & 15th St,21
Eberhart Ave & 131st St,21
S Aberdeen St & W 106th St,21
Public Rack - Kenton & Lawrence,21
Public Rack - Leader & Caldwell,21
Public Rack - Northwest Hwy & Bryn Mawr,21
Public Rack - Cicero Ave & Cortland St - midblock,21
Public Rack - Stewart Ave & 123rd St,21
Public Rack - St Louis & Lincoln,21
Lockwood Ave and Grand Ave,20
Public Rack - Hamilton Ave & 95th St,20
Public Rack - Houston Ave & 131st St,20
Public Rack - Keystone Ave & North Ave,20
Public Rack - Garfield Park Conservatory,20
Public Rack - Kostner Ave & Wrightwood Ave,20
Public Rack - Lockwood Ave & Diversey Ave,20
Overhill Ave & Belmont Ave,20
Eggleston Ave & 92nd St,19
Mulligan Ave & Wellington Ave,19
Public Rack - Talman Ave & 51st St,19
Public Rack - Langley Ave & 79th St,19
Public Rack - Chase Ave & Touhy Ave - NE,19
Public Rack - Lawrence Ave & Kimball Ave,19
Public Rack - Central Park Ave & Fillmore St,19
Public Rack - Forrestville Ave & 47th St,19
Public Rack - Throop St & 109th Pl,19
Public Rack - State ST & 42nd St,19
Public Rack - Kildare Ave & North Ave,19
Kilbourn & Belden,19
Nordica & Medill,18
Torrence Ave & 106th St,18
Baltimore Ave & 133rd St,18
Stony Island Ave & 90th St,18
Bloomingdale Ave & Harlem Ave,18
Public Rack - Karlov Ave & Lawrence Ave,18
Public Rack - Oketo Ave & Belmont Ave,18
Public Rack - Ewing Ave & Indianapolis Ave,18
Public Rack - Mulligan Ave & 56th St,18
Public Rack - Mont Clare Ave & Higgins Ave,18
Portage Park,18
Public Rack - Halsted St & 76th St,17
Public Rack - Jeffrey Blvd & 71st St,17
Public Rack - Kedzie Ave & 58th St,17
Public Rack - Pulaski Rd & Lake St,17
Public Rack - Kedzie Ave & 60th St,17
Carpenter St & 63rd St,17
Public Rack - Imlay & Milwaukee,17
Wentworth Ave & 92nd St,16
Commercial Ave & 90th St,16
Keeler Ave & Roosevelt Rd,16
Homan Ave & Arthington Ave,16
S Michigan Ave & E 118th St,16
Public Rack - Kimbark Ave & 67th St,16
Public Rack - Hamlin Ave & Grand Ave,16
Public Rack - Eli Whitney Public School,16
Bennett Ave & 79th St,16
Public Rack - 4810 Keeler Ave,16
Public Rack - Kedzie Ave & Archer Ave,16
Public Rack - 532 E 43rd St,16
Public Rack - Central & Prescott,16
Public Rack - Christiana & Lincoln,16
Kedzie Ave & 38th St,15
Public Rack - King Dr & 71st St,15
Public Rack - Whipple St & 63rd St,15
Public Rack - Winona St & Elston Ave,15
Public Rack - Central Ave & George St,15
Public Rack - Leclaire Ave & Division St,15
Public Rack - Christiana Ave & Bryn Mawr Ave,15
Public Rack - Sawyer Ave & Bryn Mawr Ave - SW,15
Throop St & 52nd St,15
Public Rack - Oglesby Ave & 95th St,15
Public Rack - Normal Ave & 111th St,15
Public Rack - Monticello & Lawrence,15
Lawndale Ave & 59th St,14
S Wentworth Ave & W 111th St,14
Public Rack - Ozark Ave & Addison St,14
Public Rack - Western Ave & 110th St,14
Plainfield & Irving Park,14
Public Rack - Linder Ave & Archer Ave,14
Altgeld Gardens,14
Central Park Ave & 66th St,14
Public Rack - Bernard St & Foster Ave,14
Public Rack - Ewing Ave & 99th St,14
Public Rack - Milwaukee Ave & Warner Ave,14
Panama Ave & Grace St,14
Public Rack - Odell & Talcott,13
Public Rack - Halsted St & 63rd St,13
Public Rack - Hoyne Ave & 110th Pl,13
Public Rack - Kedzie Ave & 63rd St,13
Public Rack - Natoma Ave & 61st St,13
Public Rack - Halsted St & 111th St,13
Public Rack - Menard Ave & Grand Ave,13
Public Rack - Central Park & Bryn Mawr,13
Public Rack - Laramie Ave & Warwick Ave,13
Public Rack - S. Kilpatrick and W. 79th,13
Public Rack - Michigan Ave & 96th St,13
Martin Luther King Dr & 87th St,13
Public Rack - Longwood Dr & 95th St,13
Public Rack - Central Ave & Corcoran Pl,13
Public Rack - Bishop St & 46th St,13
Public Rack - Melvina Ave & Belmont Ave,13
Kildare Ave & 85th St,12
Indiana Ave & 133rd St,12
Stewart Ave & 123rd St,12
Public Rack - Kostner & Bryn Mawr,12
Public Rack - Sayer & Northwest Hwy,12
Public Rack - Cicero Ave & North Ave,12
Public Rack - Maplewood Ave & 63rd St,12
Public Rack - Elston Ave & Kenneth Ave,12
Public Rack - Peterson Ave & Drake Ave,12
Public Rack - Kildare Ave & Washignton Blvd,12
Menard Ave & North Ave,12
Public Rack - Austin Ave & Wellington Ave,12
Public Rack - Bryn Mawr Ave & Milwaukee Ave,12
Public Rack - Cicero & 64th,12
Racine Ave & 65th St,12
Public Rack - Oketo & Talcott,12
Public Rack - Brandon Ave & 91st St,12
Public Rack - Chopin Park,11
Public Rack - Wentworth Park,11
Public Rack - Western & 83rd,11
Public Rack - Austin & Higgins,11
Public Rack - Mackinaw Ave & 85th St,11
Public Rack - Central Park & Peterson,11
Public Rack - Maplewood Ave & 47th St,11
Public Rack - Michigan Ave & 107th St,11
Public Rack - Overhill Ave & Touhy Ave,11
Public Rack - Halsted St & 95th St - SW,11
Public Rack - Irving Park Rd & Menard Ave,11
Public Rack - Western Ave & 111th St - SW,11
Public Rack - Western Ave & 106th St - East,11
Public Rack - Robert Fulton Elementary School,11
Public Rack - Narragansett Ave & Fullerton Ave,11
Public Rack - Cicero Ave & Roscoe St,11
Public Rack - Wood St & 47th St,11
Public Rack - Eberhart Ave & 61st St,11
State St & 123rd St,11
Public Rack - Laflin St & 51st St,11
Public Rack - Pulaski Rd & Stevens Ave,11
Public Rack - Laramie Ave & Fullerton Ave,11
Wood St & 84th St,11
Public Rack - Irving Park Rd & Parkside Ave,11
Lamon Ave & 47th St,10
Sacramento Ave & Pershing Rd,10
Public Rack - Parkside & 63rd,10
Public Rack - Justine St & 87th St,10
Public Rack - Kedzie & 103rd St - W,10
Public Rack - Cicero Ave & Altgeld St,10
Public Rack - Nina Ave & Avondale Ave,10
Public Rack - Elston Ave & Gunnison St,10
Public Rack - Mulligan & Northwest Hwy,10
Public Rack - Spaulding Ave & Foster Ave,10
Public Rack - Milwaukee Ave & Waveland Ave,10
Public Rack - Michele Clark Magnet High School,10
Public Rack - Mozart Elementary School,10
Public Rack - Christiana Ave & Archer Ave,10
Public Rack - Komensky Ave & 63rd St,10
Public Rack - Talman Ave & Pershing Rd,10
Public Rack - Irving Park Rd & Austin Ave,10
Public Rack - Norwood Park,10
Public Rack - Wood St & 103rd St,10
Public Rack - Ashland Ave & 71st St,10
Public Rack - Irving Park Rd & Melvina Ave,10
Public Rack - South Shore Dr & 71st St,10
Kildare Ave & 85th St (Kostner Ave & 87th St TEMPORARY),10
Public Rack - Pulaski & Ardmore,10
Western Ave & 62nd St,10
Public Rack - Tripp Ave & North Ave,10
Western Ave & 81st St,9
Market Days Scooter Corral,9
Public Rack - Minuteman Park,9
Public Rack - Halsted St & 64th St,9
Public Rack - Halsted St & 113th St,9
Public Rack - Homan Ave & Roosevelt,9
Public Rack - Loomis Blvd & 47th St,9
Public Rack - Marquette Ave & 83rd St,9
Public Rack - Northwest Hwy & Neva Ave,9
La Villita Park (Albany/30th),9
Public Rack - Central Ave & North Ave,9
Public Rack - Lorel Ave & Grand Ave,9
Public Rack - Exchange Ave & 73rd Pl,9
Melvina Ave & Giddings Ave,9
Public Rack - Milwaukee Ave & Sunnyside Ave,9
Public Rack - Canfield & Victoria,9
Public Rack - Neva & Foster,9
Public Rack - Ada St & 79th St,9
Public Rack - Walden Pkwy & 99th St,9
Newcastle Ave & Irving Park Rd,9
Public Rack - Linder & Elston,9
Public Rack - Neenah & Archer,9
Public Rack - Chase Ave & Touhy Ave - NW,9
Major Taylor Trail & 124th St,8
Public Rack - Perry Ave & 111th St,8
Public Rack - Ashland Ave & 76th St,8
Public Rack - Lawndale Ave & Polk St,8
Public Rack - Western Ave & 118th St,8
Public Rack - Baltimore Ave & 133rd St,8
Public Rack - Kedvale Ave & Peterson Ave,8
Public Rack - Division St & Christiana Ave,8
Public Rack - State St & 47th st,8
Public Rack - Ashland Ave & 63rd St,8
Ewing Ave & 97th St,8
Public Rack - Meade Ave & Archer Ave,8
Public Rack - Touhy Ave & Oconto Ave,8
Public Rack - Linder Ave & Belmont Ave,8
Public Rack - Neva Ave & Grand Ave,8
Public Rack - Homan Ave & 26th St,8
Vincennes Ave & 79th St,8
Public Rack - Ewing Ave & 107th St,8
Wentworth Ave & 104th St,8
Public Rack - Clyde Ave & 87th St,8
Ewing Ave & 98th St,8
Public Rack - Central Ave & Adams St,8
Public Rack - Western Ave & 104th St - East,8
Public Rack - Harlem & Palatine,8
Oriole Ave & Irving Park Rd,7
Public Rack - Central & Berteau,7
Public Rack - Sayre Ave & 59th St,7
Public Rack - Colfax Ave & 83rd St,7
Public Rack - Normal Ave & 72nd St,7
Public Rack - Paxton Ave & 79th St,7
Public Rack - Pulaski Rd & 51st Rd,7
Public Rack - Harding Ave & 47th St,7
Public Rack - Pratt Ave & Odell Ave,7
Public Rack - Richard Daley College,7
Public Rack - Western Ave & 105th St,7
Public Rack - Michigan Ave & 119th St,7
Public Rack - Wentworth Ave & 103rd St,7
Public Rack - Hiawatha Ave & Minnehaha Ave,7
Public Rack - Pulaski & 52nd,7
Public Rack - Minnehaha Ave & Devon Ave,7
Public Rack - Emerald Ave & 45th St,7
Public Rack - N Narragansett Ave & Grand Ave,7
Public Rack - Kedzie Ave & Walnut St,7
Public Rack - Kedzie Ave & 64th St - SE,7
Manistee Ave & 95th St,7
Public Rack - Montrose Ave & Lavergne Ave,7
Public Rack - Avenue M & 132nd St,7
Public Rack - Normandy Ave & Archer Ave,7
Public Rack - Homan Ave & Lake St,7
Homan Ave & 77th St,6
Sacramento Ave & 51st St,6
Public Rack - Oak Park & Higgins,6
Public Rack - Kolin Ave & Archer Ave,6
Public Rack - South Shore High School,6
Public Rack - Avers Ave & Ogden Ave,6
Public Rack - Cicero Ave & Wellington Ave,6
Public Rack - Yates Ave & 100th St,6
South Chicago Ave & Elliot Ave,6
Public Rack - Harriet E Sayre Public School,6
Public Rack - Rutherford Ave & Belmont Ave,6
Public Rack - Parkside & Elston,6
Public Rack - S Menard & W 63rd,6
Public Rack - Francisco Ave & Touhy Ave,6
Public Rack - Morgan St & 95th St,6
Public Rack - Indiana Ave & 111th St,6
Public Rack - Kostner Ave & 16th St,6
Public Rack - 10557 S Western Ave,6
Mozart St & 79th St,6
Farragut Ave & Central Ave,6
Mayfield & Roosevelt Rd,6
Public Rack - Avenue J & 106th St,6
Public Rack - Emerald Ave & 43rd St,6
Public Rack - Vincennes Ave & 77th St,6
Damen Ave & 77th St,6
Public Rack - Linder Ave & 64th Pl,6
Public Rack - Neenah & Dakin,6
Public Rack - Lake Shore Dr & Hayes Dr,6
Public Rack - Lemont Ave & Keating Ave,6
Public Rack - Abbott Park,5
Public Rack - Laflin St &51st ST,5
Public Rack - 85th Pl & Pulaski Rd,5
Public Rack - Buffalo Ave & 89th St,5
Public Rack - Austin Ave & Roscoe St,5
Public Rack - Houston Ave & 130th St,5
Public Rack - Ottowa Ave & Touhy Ave,5
Public Rack - 10101 S Stony Island Ave,5
Public Rack - Nordica Ave & Addison St,5
Public Rack - Kedzie Ave & 54th St - SW,5
Public Rack - Nordica Ave & Higgins Ave,5
Public Rack - Richmond St & Thorndale Ave,5
Public Rack - The Montessori School of Englewood,5
Public Rack - Kedzie Ave & Arthington St,5
Public Rack - S Kostner Ave & W 18th Pl,5
Public Rack - Kedzie & 103rd St - East,5
Public Rack - Pullman - Walmart,5
Wentworth Ave & 107th St,5
Public Rack - Western Ave & 111th St - SE,5
Public Rack - Pullman - Ross Dress for Less,5
Public Rack - Higgins Ave & Neva Ave,5
Public Rack - Oketo & Northwest Hwy,5
Public Rack - Kostner Ave & North Ave,5
Public Rack - Lorel Ave & Chicago Ave,5
Public Rack - Stony Is Ave & 73rd St,5
Public Rack - Chappel Ave & 71st St,5
Public Rack - Kostner Ave & Lake St,5
Public Rack - Ave N & 106th St,5
Public Rack - Komensky Ave & 26th St,5
Public Rack - Leoti Ave & Central Ave (north),5
Menard Ave & Division St,5
Public Rack - Legler Regional Library,5
Public Rack - Newcastle Ave & Belden Ave,5
Public Rack - Marshfield Ave & 45th St,5
Lexington & California Ave,5
Public Rack - Laflin St & 79th St,5
Public Rack - Morgan St & 87th St,5
Public Rack - Oak Park Ave & Foster Ave,5
Public Rack - Halsted St & 102nd St,5
Public Rack - Kedvale Ave & 26th St,5
Michigan Ave & 108th St,5
Public Rack - Torrence Ave & 98th St,5
Public Rack - Hamlin Ave & Chicago Ave,5
Public Rack - Kedvale Ave & 63rd St E,5
Kildare & Chicago Ave,5
Public Rack - Linder & 51st,4
Public Rack - Avers & Granville,4
Public Rack - Halsted St & 41st St,4
Public Rack - Halsted St & 80th St,4
Public Rack - Pulaski Rd & 15th St,4
Public Rack - 63rd St and Nagle Ave,4
Public Rack - Back of the Yards Park,4
Public Rack - Harvey Ave & North Ave,4
Public Rack - King Dr & Oakwood Blvd,4
Public Rack - Austin Ave & Archer Ave,4
Public Rack - Octavia Ave & Touhy Ave,4
Public Rack - Vincennes Ave & 95th St,4
Public Rack - Baltimore Ave & 132nd St,4
Public Rack - Leland Ave & Melvina Ave,4
Public Rack - Kedzie Ave & 54th St - SE,4
Public Rack - Yates Blvd & Exchange Ave,4
Public Rack - Cottage Grove Ave & 98th St,4
Public Rack - Central Park Ave & Ogden Ave,4
Public Rack - Cottage Grove Ave & 92nd St,4
Public Rack - Kenneth Ave & 63rd St W,4
Public Rack - Lowe Park,4
Public Rack - Stony Island & 87th St,4
Public Rack - Hoyne Ave & 51st St,4
Public Rack - Devon Ave & Central Ave,4
Public Rack - Cicero & Rosemont,4
Public Rack - Harvard Ave & 103rd St,4
Public Rack - Commercial Ave & 89th St,4
Public Rack - Princeton Ave & 43rd St,4
Public Rack - Menard Ave & Adams Blvd,4
Public Rack - Pullman - Planet Fitness,4
Public Rack - Homan Ave & 62nd Pl,4
Public Rack - Kedzie Ave & 62nd Pl,4
Halsted St & 93rd St,4
Public Rack - Ford City Mall,4
Public Rack - California Ave & Touhy Ave - SW,4
Public Rack - Ada St & 95th St,4
Public Rack - West Chatham Park,4
Public Rack - Bell Ave & 95th St,4
Public Rack - Western Ave & 107th Pl,4
Ada St & 113th St,4
Burley Ave & 91st St,4
Public Rack - Buffalo Ave & 133rd St,4
Public Rack - Keeler Ave & Madison St S,4
Public Rack - Central Park Ave & Fulton Blvd,4
Vincennes Ave & 107th St,4
Racine Ave & 115th St,4
Public Rack - Ozanam Ave & Devon Ave,4
Pulaski Rd & 60th Pl,4
Public Rack - Menard Ave & Agusta Blvd,4
"Public Rack - Senka ""Edward Duke"" Park",4
Public Rack - Pulaski Rd & Roosevelt Rd,4
Public Rack - Halsted St & 109th St,4
Public Rack - Hamlin Ave & Madison St,4
State St & 111th St,4
Public Rack - Jeffery Blvd & 83rd St,4
Public Rack - Brighton Park Branch Chicago Library,4
Public Rack - Sawyer Ave & Chicago Ave,4
Public Rack - Foster Ave & Drake Ave,4
Public Rack - Rutherford & 53rd,3
Public Rack - Avenue J & 102nd St,3
Public Rack - Pulaski Rd & Polk St,3
Public Rack - Ashland Ave & 74th St,3
Public Rack - Crandon Ave & 80th St,3
Public Rack - Normal Blvd & 61st Pl,3
Public Rack - Kedzie Ave & 61st Pl E,3
Public Rack - Kingston Ave & 75th St,3
Public Rack - Kedvale Ave & Avondale Ave,3
Public Rack - St Louis Ave & Flournoy St,3
Public Rack - McVicker Ave & Grand Ave,3
Public Rack - Vincennes Ave & 95th Pl,3
Public Rack - Western Ave & 111th St - NW,3
Public Rack - Paul Revere Elementary School,3
Public Rack - East End Ave & 75th St,3
Public Rack - Lamon Ave & Archer Ave,3
Public Rack - Archer Park,3
Public Rack - Pulaski Rd & 5th Ave,3
Public Rack - Prairie Ave & 78th St,3
Public Rack - Karlov Ave & 26th St,3
Public Rack - Whipple St & 26th St,3
Public Rack - Newland Ave & Diversey Ave,3
Public Rack - Pulaski Rd & 41st,3
Public Rack - Kildare Ave & Division Ave,3
Public Rack - Brooks Park,3
Public Rack - Stony Island & 95th St,3
Public Rack - Marshfield Ave & 87th St,3
Public Rack - Martin Luther King Dr & 69th St,3
Public Rack - Kedzie Ave & 64th St - SW,3
Public Rack - Kedzie Ave & Pershing Rd,3
Public Rack - Troy & 111th St,3
Public Rack - Laporte Ave & Armitage Ave,3
Public Rack - May St & 87th St,3
Public Rack - Sangamon St & 87th St,3
Public Rack - Western Ave & 62nd St,3
Public Rack - Throop St & 48t ST,3
Public Rack - Pulaski Rd & Grenshaw St,3
Michigan Ave & 113th St,3
Public Rack - W. Talcott & N. Oriole,3
Public Rack - Calumet Ave & 71st St,3
Public Rack - Western Blvd & 52nd St,3
Shields Ave & 57th St,3
Vincennes Ave & 95th St,3
Public Rack - McVicker & 52nd,3
Public Rack - Damen & 87th,3
Lavergne Ave & 44th St,3
Public Rack - Halsted St & 94th St,3
Public Rack - Ashland Ave & 46th St,3
Public Rack - Western Ave & 98th St,3
Public Rack - Avers Ave & Archer Ave,3
Public Rack - Christiana Ave & 55th St,3
Public Rack - Mt Greenwood Library - South,3
Public Rack - William J Onahan Public School,3
Public Rack - Peterson Ave & Bernard Ave,3
Public Rack - Avenue J & 112th St,3
Public Rack - Harlem & Summerdale,3
Public Rack - Sangamon St & 79th St,3
Public Rack - 61st St & Melvina Ave,3
Public Rack - Western Blvd & 53rd St,3
Public Rack - Cottage Grove & 84th St,3
Public Rack - Leoti Ave & Central Ave (south),3
Public Rack - Hiawatha Park,3
Public Rack - Homan & 79th,3
Public Rack - 2302 S Pulaski Rd,3
Public Rack - Mason Ave & Roosevelt Rd,3
Public Rack - Ashland Ave & 83rd St,3
Public Rack - Fairfield Ave & 63rd St,3
Public Rack - Harlem and W. 59th,3
Public Rack - Ingleside Ave & 79th St,3
Public Rack - Kenneth Ave & 63rd St E,3
Public Rack - Cottage Grove Ave & 87th St,3
Loomis St & 95th St,2
Public Rack - Mason & Archer,2
Public Rack - Keeler Ave & 26th St,2
Public Rack - Prairie Ave & 85th St,2
Public Rack - Devon Ave & Kinzua Ave,2
Public Rack - Parnell Ave & 103rd St,2
Public Rack - Lake Park Ave & 47th St,2
Public Rack - Washtenaw Ave & 63rd St,2
Public Rack - Ashland Ave & 45th St  S,2
Public Rack - Eggleston Ave & 115th St,2
Public Rack - Central Ave & Congress Pkwy,2
Public Rack - Cottage Grove Ave & 89th Pl,2
Public Rack - Devon Ave & Minnehaha Ave (east),2
Public Rack - Cicero Ave & Le Moyne St - midblock,2
Public Rack - Calumet Ave & 103rd St,2
Public Rack - Vincennes Ave & 87th St,2
Public Rack - Muskegon Ave & 89th St,2
Public Rack - May St & 78th St,2
Public Rack - 63rd & Western Ave N,2
Public Rack - Grand Ave & Lawndale Ave,2
Throop St & 99th St,2
Public Rack - Rockwell Ave & 71st St,2
Public Rack - Springfield & 71st,2
Public Rack - St Louis & 83rd,2
Public Rack - Roswell B. Mason Elementary School,2
Public Rack - Austin Branch Chicago Public Library,2
Public Rack - New England Ave & Grace St,2
Public Rack - Piotrowski Park,2
Public Rack - Green St & 103rd St,2
Public Rack - Longwood Dr & 111th St,2
Public Rack - Kedzie Ave & 83rd St,2
Public Rack - Mason Ave & Milwaukee Ave,2
SCOOTERS CLASSIC - 2132 W Hubbard ST,2
Public Rack - Parnell Ave & 98th St,2
Public Rack - Racine Ave & 83rd St,2
Public Rack - Western Ave & 116th St,2
Public Rack - Cottage Grove Ave & 75th St,2
Public Rack - Newcastle Ave & Wellington Ave,2
Ada St & 113th Place,2
Spaulding Ave & 16th,2
Public Rack - Normandy Ave & Raven St,2
Public Rack - Miami Ave & Milwaukee Ave,2
Public Rack - S. New England/ W. 65th,2
Public Rack - Wilbur Wright College North,2
Public Rack - Princeton Ave & 99th Pl,2
Public Rack - Marquette Ave & 79th St,2
Public Rack - Western Ave & 106th St - West,2
Western Ave & 101st St,2
Public Rack - Hermitage & 83rd St,2
Public Rack - Rockwell & 111th St,2
Public Rack - Bensley Ave & 103rd St,2
Public Rack - Western Ave & 107th St,2
Public Rack - Lotus Ave & Harrison St,2
Public Rack - Menard Ave & Madison St,2
Public Rack - Newcastle Ave & Belmont Ave,2
Public Rack - Cottage Grove Ave & 111th St,2
Public Rack - Albany Ave & 103rd St,2
Public Rack - N Sayre Ave & W Belden Ave,2
Public Rack - Homewood Ave & Monterey Ave,2
Public Rack - Hale Ave & 111th St,2
Public Rack - Wolcott Ave & 56th St,2
Narragansett Ave & North Ave,2
Public Rack - Devon Ave & Minnehaha Ave (west),2
Public Rack - Austin & 62nd,2
Public Rack - Ewing Ave & 105th St,2
Public Rack - Ashland Ave & 45th St,2
Public Rack - Vincennes Ave & 99th St,2
Public Rack - Pittsburgh Ave & Irving Park,2
Public Rack - Ozman & Talcott,2
Public Rack - Latrobe Ave & Lake St,2
Public Rack - Michigan Ave & 102nd St,2
Halsted St & 83rd St,2
Public Rack - Neola & Northwest Hwy,2
Public Rack - Zapata Academy,2
Public Rack - East End Ave & 87th St,2
Aberdeen St & 103rd St,2
Public Rack - Houston Ave & 91st St,2
Public Rack - California Ave & Pershing Rd,2
Public Rack - Jeffery Blvd & 81st St,2
Public Rack - Oakley Ave & 50th Pl,2
Public Rack - Peoria St & 60th St,2
Public Rack - 63rd & Western Ave S,2
Public Rack - 53rd St & Indiana Ave,2
Public Rack - Osceola Ave & Touhy Ave,2
Public Rack - Lafayette Ave & 87th St - NW,2
Public Rack - Sacramento Blvd & Washington Blvd,2
Public Rack - Franklin Park,2
Public Rack - Spencer Elementary Technology Academy,2
Public Rack - Pulaski Rd & 40th St,2
Public Rack - Western Ave & 104th St - West,2
Public Rack - Lowe Ave & 94th St,2
Public Rack - Independence Blvd & Roosevelt,2
Public Rack - Strohacker Park,1
Public Rack - Baker Ave & 863rd Pl,1
Public Rack - Perry Ave & 108th Pl,1
Public Rack - Corliss Ave & 103rd St,1
Public Rack - Mt Greenwood Library N,1
Public Rack - Ewing Ave & 106th St NW,1
Public Rack - New England Ave & Irving Park Rd,1
Public Rack - Morgan St & 103rd St,1
Public Rack - Damen Ave & 84th St,1
Public Rack - Hamilton Park,1
Public Rack - James Madison School,1
Public Rack - Fullerton Ave & Lavergne Ave,1
Public Rack - Northwest Hwy & Raven St,1
Public Rack - Artesian & 71st,1
Public Rack - Loomis St & 87th St,1
Public Rack - May St & 63rd St,1
Public Rack - Ellis Ave & 132nd Pl,1
Public Rack - Michigan Ave & 125th Pl,1
Public Rack - Ewing Ave & 95th St,1
Public Rack - 83rd Pl & Kedzie Ave S,1
Public Rack - Cottage Grove Ave & 91st St,1
Public Rack - Sawyer Ave & 111th St,1
Public Rack - Eggleston Ave & 92nd St,1
Public Rack - Lake Park Ave & 44th St,1
Public Rack - Ewing Ave & 102nd St,1
Oketo Ave & Addison,1
Public Rack - Troy & 71st,1
Public Rack - California & 87th,1
Public Rack - Mackinaw Ave & 106th St,1
Public Rack - Wabash Ave & 87th St,1
Public Rack - King Dr & 83rd St,1
Public Rack - Lafayette Ave & 87th St SW,1
Public Rack - Linder Ave & 51st St,1
Public Rack - La Moyne Ave and Leamington Ave,1
Public Rack - Ewing Ave & 106th St,1
Spaulding Ave & 63rd St,1
Eggleston Ave & 115th St,1
Public Rack - Aida Food Market,1
Public Rack - Damen Ave & 80th St,1
Public Rack - Calumet Ave & 133rd St,1
Public Rack - Mason Ave & Archer Ave,1
Public Rack - Trumbull Ave & 111th St,1
Public Rack - Albany Ave & 111th St - NW,1
Public Rack - Kilbourn Ave & Fullerton Ave,1
Public Rack - Park Manor Elementary School,1
Public Rack - California Ave & Touhy Ave - midblock,1
Public Rack - Halsted St & 77th St,1
Public Rack - Albany Ave & 63rd St,1
Public Rack - Kildare Ave & 63rd St,1
Public Rack - Michigan Ave & 121st St,1
Public Rack - Roscoe St & Osceola Ave,1
Glenlake Ave & Pulaski Rd,1
Public Rack - Lawndale & 63rd St,1
Public Rack - Lamon Ave & Erie St,1
Public Rack - Kedzie Ave & 54th Pl,1
Public Rack - Loomis Blvd & 83rd St,1
Public Rack - Saginaw Ave & 93rd St,1
Public Rack - Oglesby Ave & 105th St,1
Public Rack - Michigan Ave & 110th St,1
Public Rack - Pulaski Rd & Lexington St,1
Halsted St & 123rd St,1
Menard Ave & Milwaukee Ave,1
Public Rack - Brainerd Park,1
Cumberland Ave & Catherine Ave,1
Public Rack - Sacramento & 71st,1
Public Rack - Tuley (Murray) Park,1
Public Rack - Union Ave & 111th St,1
Public Rack - Kedzie Ave & 61st Pl W,1
Public Rack - Parnell Ave & 119th St,1
Public Rack - Mackinaw Ave & 108th St,1
Public Rack - Lafayette Ave & 119th St,1
Public Rack - Yale Ave & 119th St,1
Public Rack - Wallace St & 112 St,1
Public Rack - Percy Julian HS,1
Public Rack - Lowe Ave & 98th St,1
Public Rack - Torrence Ave  & 106th St,1
Public Rack - Canty Elementary School,1
Public Rack - Orville T Bright School,1
Public Rack - Lawndale Ave & Roosevelt,1
Lynch Ave & Elston Ave,1
Public Rack - Avenue O & 118th St,1
Public Rack - Keef Ave & South Chicago Ave,1
Public Rack - Calumet Ave & Garfield Blvd,1
Public Rack - Central Park Ave & 16th St,1
Public Rack - Wallace St & 119th St,1
Laflin St & 115th St,1
Public Rack - Damen & 81st,1
Public Rack - Ada St & 117th St,1
Public Rack - Marquette Rd & 67th St,1
Public Rack - Menard Ave & Leland Ave,1
Public Rack - Torrence Ave & 103rd St,1
Public Rack - Vincennes Ave & 91st St,1
Public Rack - Oleander Ave & Addison St,1
Public Rack - Northwest Hwy & Highland Ave,1
Public Rack - Sacramento Ave & Greenleaf Ave,1
Public Rack - Al Raby School,1
Public Rack - Burnside Academy,1
Public Rack - Rhodes Ave & 79th St,1
Public Rack - Keeler Ave & 55th St,1
Public Rack - Bishop St & 81st St,1
Public Rack - Ada St & 119th St,1
Public Rack - Pullman Community Center,1
Parnell Ave & 127th St,1
Public Rack - Horner & 85th,1
Public Rack - McCormick Blvd & Devon Ave,1
Public Rack - Springfield Ave & 63rd St,1
Public Rack - Kedvale Ave & Addison St,1
Public Rack - Grand Ave & North Ave,1
Public Rack - Maryland Ave & 87th ST,1
NEW HASTINGS ,1
Public Rack - Plainfield Ave & Irving Park Rd,1
Public Rack - Eggleston Ave & 114th St,1
Public Rack - Racine Ave & 76th,1
Public Rack - Michigan Ave & 67th St,1
Public Rack - Waller Ave & Chicago Ave,1
Public Rack - Stony Island Ave & 86th St,1
Public Rack - William Rainey Harper High School,1
